{"AUC": 0.9543845238071664, "confusion_matrix": {"_type": "image-file", "sha256": "22e80f1ee48c5b090d7f9fd6a0d0c58463c23ae0f5f4b721e755be96f00dfc11", "size": 93625, "path": "media/images/confusion_matrix_0_22e80f1ee48c5b090d7f.png", "format": "png", "width": 1000, "height": 1000}, "_timestamp": 1703002686.103969, "_runtime": 7.937168121337891, "_step": 0, "_wandb": {"runtime": 7}}